<?xml version="1.0" encoding="UTF-8" standalone="yes"?>
<addon id="repository.estupalant" name="Repositorio Palantir" version="1.0.1" provider-name="The Lords Of Flix">
    <extension point="xbmc.addon.repository" name="Palantir 3 y Skin">
    	<dir minversion="19.0.0">
    	    <info compressed="false">https://raw.githubusercontent.com/Maniac2017/repository.estupalant/refs/heads/main/Repo/addons.xml</info>
		    <checksum>https://raw.githubusercontent.com/Maniac2017/repository.estupalant/refs/heads/main/Repo/addons.xml.md5</checksum>
		    <datadir zip="true">https://raw.githubusercontent.com/Maniac2017/repository.estupalant/refs/heads/main/Repo/</datadir>
	    </dir>
	</extension>
	<extension point="xbmc.addon.metadata">
		<summary></summary>
   		<description lang="en">Repositorio oficial de Palantir y Estuary Palantir</description>
		<platform>all</platform>
		<assets>
            <icon>icon.png</icon>
            <fanart>fanart.jpg</fanart>
        </assets>
	</extension>
</addon>